time_s,left_shoulder_pitch_joint,left_shoulder_roll_joint,left_shoulder_yaw_joint,left_elbow_joint,left_wrist_roll_joint,left_wrist_pitch_joint,left_wrist_yaw_joint,right_shoulder_pitch_joint,right_shoulder_roll_joint,right_shoulder_yaw_joint,right_elbow_joint,right_wrist_roll_joint,right_wrist_pitch_joint,right_wrist_yaw_joint
0.00000000,0.27656331,0.77648754,-0.22907263,-0.47361267,0.84751888,0.39980467,0.04567174,0.24342602,-0.77285576,0.23985383,-0.44410184,-0.84330824,0.39447122,-0.03017786
0.02000000,0.27656311,0.77648772,-0.22907249,-0.47361293,0.84751878,0.39980488,0.04567112,0.24342605,-0.77285576,0.23985383,-0.44410186,-0.84330824,0.39447123,-0.03017788
0.04000000,0.27656172,0.77648890,-0.22907155,-0.47361478,0.84751808,0.39980633,0.04566678,0.24342620,-0.77285579,0.23985378,-0.44410200,-0.84330826,0.39447125,-0.03017795
0.06000000,0.27655799,0.77649210,-0.22906900,-0.47361976,0.84751620,0.39981024,0.04565509,0.24342663,-0.77285585,0.23985366,-0.44410238,-0.84330832,0.39447133,-0.03017814
0.08000000,0.27655077,0.77649828,-0.22906408,-0.47362938,0.84751257,0.39981780,0.04563251,0.24342745,-0.77285597,0.23985343,-0.44410312,-0.84330843,0.39447147,-0.03017852
0.10000000,0.27653896,0.77650839,-0.22905604,-0.47364511,0.84750662,0.39983016,0.04559558,0.24342879,-0.77285616,0.23985305,-0.44410432,-0.84330861,0.39447169,-0.03017914
0.12000000,0.27652148,0.77652335,-0.22904414,-0.47366838,0.84749782,0.39984844,0.04554093,0.24343077,-0.77285645,0.23985249,-0.44410610,-0.84330887,0.39447203,-0.03018006
0.14000000,0.27649730,0.77654405,-0.22902767,-0.47370060,0.84748564,0.39987376,0.04546528,0.24343352,-0.77285685,0.23985172,-0.44410856,-0.84330924,0.39447250,-0.03018132
0.16000000,0.27646537,0.77657138,-0.22900593,-0.47374312,0.84746957,0.39990717,0.04536543,0.24343714,-0.77285737,0.23985070,-0.44411181,-0.84330972,0.39447311,-0.03018300
0.18000000,0.27642472,0.77660618,-0.22897825,-0.47379727,0.84744910,0.39994972,0.04523828,0.24344176,-0.77285804,0.23984940,-0.44411594,-0.84331033,0.39447390,-0.03018513
0.20000000,0.27637436,0.77664928,-0.22894396,-0.47386434,0.84742375,0.40000242,0.04508079,0.24344747,-0.77285887,0.23984778,-0.44412107,-0.84331109,0.39447487,-0.03018777
0.22000000,0.27631337,0.77670149,-0.22890243,-0.47394558,0.84739304,0.40006626,0.04489003,0.24345440,-0.77285987,0.23984583,-0.44412727,-0.84331201,0.39447605,-0.03019097
0.24000000,0.27624082,0.77676358,-0.22885303,-0.47404221,0.84735652,0.40014218,0.04466314,0.24346263,-0.77286107,0.23984351,-0.44413465,-0.84331310,0.39447745,-0.03019477
0.26000000,0.27615584,0.77683633,-0.22879515,-0.47415541,0.84731373,0.40023113,0.04439734,0.24347228,-0.77286246,0.23984079,-0.44414330,-0.84331438,0.39447909,-0.03019922
0.28000000,0.27605755,0.77692046,-0.22872822,-0.47428632,0.84726425,0.40033400,0.04408994,0.24348344,-0.77286408,0.23983764,-0.44415330,-0.84331586,0.39448098,-0.03020438
0.30000000,0.27594513,0.77701669,-0.22865167,-0.47443607,0.84720764,0.40045166,0.04373832,0.24349620,-0.77286593,0.23983404,-0.44416474,-0.84331756,0.39448315,-0.03021027
0.32000000,0.27581775,0.77712572,-0.22856493,-0.47460572,0.84714352,0.40058497,0.04333995,0.24351066,-0.77286803,0.23982996,-0.44417770,-0.84331948,0.39448561,-0.03021694
0.34000000,0.27567465,0.77724821,-0.22846748,-0.47479633,0.84707147,0.40073474,0.04289238,0.24352691,-0.77287038,0.23982538,-0.44419226,-0.84332164,0.39448837,-0.03022445
0.36000000,0.27551505,0.77738482,-0.22835880,-0.47500891,0.84699112,0.40090177,0.04239323,0.24354502,-0.77287301,0.23982027,-0.44420850,-0.84332404,0.39449145,-0.03023281
0.38000000,0.27533823,0.77753617,-0.22823840,-0.47524443,0.84690209,0.40108683,0.04184021,0.24356510,-0.77287592,0.23981461,-0.44422649,-0.84332671,0.39449486,-0.03024208
0.40000000,0.27514348,0.77770288,-0.22810578,-0.47550383,0.84680404,0.40129067,0.04123110,0.24358721,-0.77287912,0.23980837,-0.44424630,-0.84332964,0.39449862,-0.03025229
0.42000000,0.27493010,0.77788552,-0.22796048,-0.47578804,0.84669661,0.40151398,0.04056375,0.24361143,-0.77288263,0.23980154,-0.44426801,-0.84333286,0.39450274,-0.03026347
0.44000000,0.27469745,0.77808466,-0.22780205,-0.47609793,0.84657948,0.40175748,0.03983610,0.24363784,-0.77288646,0.23979409,-0.44429168,-0.84333637,0.39450723,-0.03027567
0.46000000,0.27444487,0.77830086,-0.22763005,-0.47643435,0.84645231,0.40202182,0.03904616,0.24366651,-0.77289061,0.23978600,-0.44431738,-0.84334017,0.39451210,-0.03028891
0.48000000,0.27417177,0.77853462,-0.22744408,-0.47679811,0.84631482,0.40230765,0.03819201,0.24369752,-0.77289511,0.23977726,-0.44434517,-0.84334429,0.39451737,-0.03030322
0.50000000,0.27387755,0.77878647,-0.22724373,-0.47719000,0.84616668,0.40261559,0.03727180,0.24373092,-0.77289995,0.23976784,-0.44437510,-0.84334873,0.39452305,-0.03031864
0.52000000,0.27356164,0.77905688,-0.22702861,-0.47761078,0.84600764,0.40294622,0.03628378,0.24376678,-0.77290515,0.23975773,-0.44440725,-0.84335349,0.39452915,-0.03033520
0.54000000,0.27322351,0.77934631,-0.22679835,-0.47806116,0.84583740,0.40330011,0.03522623,0.24380517,-0.77291071,0.23974690,-0.44444165,-0.84335859,0.39453567,-0.03035293
0.56000000,0.27286263,0.77965521,-0.22655260,-0.47854185,0.84565570,0.40367781,0.03409755,0.24384613,-0.77291665,0.23973534,-0.44447837,-0.84336403,0.39454264,-0.03037184
0.58000000,0.27247850,0.77998401,-0.22629103,-0.47905349,0.84546231,0.40407983,0.03289616,0.24388974,-0.77292297,0.23972305,-0.44451745,-0.84336982,0.39455005,-0.03039198
0.60000000,0.27207065,0.78033311,-0.22601330,-0.47959672,0.84525697,0.40450669,0.03162059,0.24393604,-0.77292968,0.23970999,-0.44455895,-0.84337596,0.39455792,-0.03041336
0.62000000,0.27163863,0.78070291,-0.22571912,-0.48017216,0.84503946,0.40495884,0.03026941,0.24398509,-0.77293679,0.23969615,-0.44460290,-0.84338248,0.39456626,-0.03043600
0.64000000,0.27118201,0.78109376,-0.22540817,-0.48078036,0.84480957,0.40543674,0.02884130,0.24403692,-0.77294430,0.23968153,-0.44464936,-0.84338936,0.39457507,-0.03045994
0.66000000,0.27070038,0.78150602,-0.22508020,-0.48142187,0.84456708,0.40594081,0.02733496,0.24409160,-0.77295222,0.23966611,-0.44469836,-0.84339662,0.39458436,-0.03048518
0.68000000,0.27019335,0.78194002,-0.22473494,-0.48209722,0.84431181,0.40647147,0.02574918,0.24414916,-0.77296057,0.23964988,-0.44474995,-0.84340426,0.39459415,-0.03051176
0.70000000,0.26966056,0.78239607,-0.22437212,-0.48280688,0.84404356,0.40702909,0.02408282,0.24420964,-0.77296933,0.23963282,-0.44480416,-0.84341230,0.39460443,-0.03053969
0.72000000,0.26910166,0.78287448,-0.22399153,-0.48355132,0.84376217,0.40761404,0.02233480,0.24427309,-0.77297853,0.23961493,-0.44486103,-0.84342072,0.39461522,-0.03056898
0.74000000,0.26851632,0.78337551,-0.22359294,-0.48433097,0.84346747,0.40822665,0.02050412,0.24433954,-0.77298816,0.23959618,-0.44492058,-0.84342954,0.39462651,-0.03059966
0.76000000,0.26790424,0.78389942,-0.22317614,-0.48514623,0.84315931,0.40886725,0.01858980,0.24440902,-0.77299823,0.23957659,-0.44498286,-0.84343877,0.39463832,-0.03063175
0.78000000,0.26726515,0.78444646,-0.22274095,-0.48599748,0.84283755,0.40953613,0.01659099,0.24448157,-0.77300874,0.23955612,-0.44504788,-0.84344841,0.39465066,-0.03066525
0.80000000,0.26659877,0.78501686,-0.22228717,-0.48688507,0.84250205,0.41023356,0.01450684,0.24455722,-0.77301971,0.23953479,-0.44511568,-0.84345845,0.39466352,-0.03070018
0.82000000,0.26590487,0.78561082,-0.22181465,-0.48780932,0.84215269,0.41095980,0.01233660,0.24463600,-0.77303112,0.23951257,-0.44518628,-0.84346891,0.39467691,-0.03073655
0.84000000,0.26518322,0.78622853,-0.22132323,-0.48877054,0.84178936,0.41171508,0.01007957,0.24471792,-0.77304300,0.23948947,-0.44525971,-0.84347979,0.39469083,-0.03077438
0.86000000,0.26443361,0.78687017,-0.22081278,-0.48976899,0.84141196,0.41249962,0.00773511,0.24480302,-0.77305533,0.23946546,-0.44533598,-0.84349109,0.39470530,-0.03081367
0.88000000,0.26365587,0.78753589,-0.22028316,-0.49080491,0.84102039,0.41331361,0.00530265,0.24489131,-0.77306813,0.23944056,-0.44541511,-0.84350281,0.39472031,-0.03085444
0.90000000,0.26284982,0.78822585,-0.21973428,-0.49187854,0.84061457,0.41415722,0.00278166,0.24498282,-0.77308139,0.23941475,-0.44549712,-0.84351496,0.39473586,-0.03089669
0.92000000,0.26201531,0.78894015,-0.21916601,-0.49299007,0.84019442,0.41503061,0.00017169,0.24507755,-0.77309512,0.23938804,-0.44558202,-0.84352754,0.39475197,-0.03094043
0.94000000,0.26115223,0.78967892,-0.21857829,-0.49413966,0.83975989,0.41593391,-0.00252767,0.24517553,-0.77310932,0.23936040,-0.44566984,-0.84354055,0.39476862,-0.03098567
0.96000000,0.26026046,0.79044225,-0.21797103,-0.49532747,0.83931091,0.41686724,-0.00531676,0.24527677,-0.77312399,0.23933185,-0.44576057,-0.84355400,0.39478583,-0.03103241
0.98000000,0.25933990,0.79123022,-0.21734416,-0.49655362,0.83884744,0.41783070,-0.00819588,0.24538127,-0.77313914,0.23930237,-0.44585423,-0.84356787,0.39480360,-0.03108067
1.00000000,0.25839049,0.79204288,-0.21669765,-0.49781820,0.83836944,0.41882435,-0.01116524,0.24548905,-0.77315476,0.23927198,-0.44595083,-0.84358219,0.39482192,-0.03113043
1.02000000,0.25741216,0.79288030,-0.21603145,-0.49912130,0.83787688,0.41984827,-0.01422504,0.24560011,-0.77317086,0.23924065,-0.44605037,-0.84359693,0.39484080,-0.03118171
1.04000000,0.25640488,0.79374250,-0.21534553,-0.50046296,0.83736975,0.42090249,-0.01737540,0.24571446,-0.77318743,0.23920840,-0.44615286,-0.84361212,0.39486023,-0.03123451
1.06000000,0.25536862,0.79462950,-0.21463988,-0.50184322,0.83684802,0.42198704,-0.02061638,0.24583210,-0.77320448,0.23917522,-0.44625829,-0.84362774,0.39488023,-0.03128883
1.08000000,0.25430338,0.79554131,-0.21391449,-0.50326208,0.83631171,0.42310192,-0.02394801,0.24595303,-0.77322200,0.23914111,-0.44636667,-0.84364380,0.39490079,-0.03134467
1.10000000,0.25320917,0.79647792,-0.21316938,-0.50471953,0.83576081,0.42424712,-0.02737024,0.24607725,-0.77324001,0.23910608,-0.44647800,-0.84366029,0.39492190,-0.03140202
1.12000000,0.25208602,0.79743930,-0.21240455,-0.50621553,0.83519533,0.42542262,-0.03088300,0.24620475,-0.77325849,0.23907012,-0.44659228,-0.84367722,0.39494358,-0.03146089
1.14000000,0.25093396,0.79842543,-0.21162005,-0.50775002,0.83461531,0.42662836,-0.03448614,0.24633554,-0.77327744,0.23903323,-0.44670949,-0.84369459,0.39496581,-0.03152128
1.16000000,0.24975307,0.79943623,-0.21081591,-0.50932293,0.83402077,0.42786428,-0.03817949,0.24646959,-0.77329687,0.23899542,-0.44682964,-0.84371239,0.39498860,-0.03158318
1.18000000,0.24854341,0.80047166,-0.20999218,-0.51093415,0.83341174,0.42913031,-0.04196279,0.24660692,-0.77331677,0.23895669,-0.44695272,-0.84373062,0.39501194,-0.03164659
1.20000000,0.24730508,0.80153163,-0.20914892,-0.51258357,0.83278828,0.43042635,-0.04583578,0.24674750,-0.77333715,0.23891704,-0.44707871,-0.84374929,0.39503584,-0.03171150
1.22000000,0.24603818,0.80261606,-0.20828621,-0.51427103,0.83215044,0.43175229,-0.04979811,0.24689132,-0.77335799,0.23887648,-0.44720761,-0.84376839,0.39506029,-0.03177791
1.24000000,0.24474283,0.80372483,-0.20740413,-0.51599639,0.83149827,0.43310800,-0.05384942,0.24703837,-0.77337931,0.23883500,-0.44733941,-0.84378792,0.39508529,-0.03184580
1.26000000,0.24341917,0.80485784,-0.20650277,-0.51775945,0.83083185,0.43449334,-0.05798926,0.24718863,-0.77340108,0.23879262,-0.44747408,-0.84380787,0.39511083,-0.03191519
1.28000000,0.24206736,0.80601495,-0.20558224,-0.51956002,0.83015125,0.43590815,-0.06221718,0.24734210,-0.77342333,0.23874934,-0.44761162,-0.84382825,0.39513692,-0.03198604
1.30000000,0.24068754,0.80719602,-0.20464264,-0.52139788,0.82945656,0.43735226,-0.06653266,0.24749874,-0.77344603,0.23870516,-0.44775201,-0.84384905,0.39516354,-0.03205837
1.32000000,0.23927992,0.80840091,-0.20368410,-0.52327279,0.82874787,0.43882549,-0.07093513,0.24765853,-0.77346919,0.23866009,-0.44789523,-0.84387027,0.39519071,-0.03213215
1.34000000,0.23784466,0.80962943,-0.20270675,-0.52518449,0.82802526,0.44032762,-0.07542399,0.24782147,-0.77349280,0.23861414,-0.44804126,-0.84389190,0.39521840,-0.03220739
1.36000000,0.23638200,0.81088143,-0.20171074,-0.52713271,0.82728885,0.44185845,-0.07999861,0.24798751,-0.77351687,0.23856731,-0.44819008,-0.84391395,0.39524663,-0.03228405
1.38000000,0.23489213,0.81215670,-0.20069620,-0.52911715,0.82653876,0.44341774,-0.08465828,0.24815665,-0.77354138,0.23851960,-0.44834167,-0.84393641,0.39527538,-0.03236215
1.40000000,0.23337531,0.81345506,-0.19966330,-0.53113751,0.82577508,0.44500526,-0.08940228,0.24832884,-0.77356634,0.23847104,-0.44849600,-0.84395927,0.39530465,-0.03244166
1.42000000,0.23183176,0.81477628,-0.19861220,-0.53319346,0.82499795,0.44662073,-0.09422984,0.24850407,-0.77359173,0.23842162,-0.44865304,-0.84398254,0.39533444,-0.03252256
1.44000000,0.23026176,0.81612015,-0.19754309,-0.53528464,0.82420751,0.44826390,-0.09914015,0.24868230,-0.77361757,0.23837135,-0.44881278,-0.84400621,0.39536474,-0.03260486
1.46000000,0.22866557,0.81748644,-0.19645615,-0.53741071,0.82340388,0.44993447,-0.10413237,0.24886350,-0.77364383,0.23832024,-0.44897519,-0.84403027,0.39539554,-0.03268853
1.48000000,0.22704348,0.81887490,-0.19535157,-0.53957128,0.82258720,0.45163215,-0.10920560,0.24904765,-0.77367052,0.23826831,-0.44914023,-0.84405472,0.39542684,-0.03277355
1.50000000,0.22539577,0.82028527,-0.19422955,-0.54176596,0.82175764,0.45335664,-0.11435892,0.24923470,-0.77369763,0.23821555,-0.44930787,-0.84407956,0.39545864,-0.03285992
1.52000000,0.22372277,0.82171731,-0.19309030,-0.54399433,0.82091533,0.45510760,-0.11959137,0.24942462,-0.77372515,0.23816198,-0.44947809,-0.84410478,0.39549093,-0.03294761
1.54000000,0.22202479,0.82317073,-0.19193404,-0.54625598,0.82006045,0.45688471,-0.12490195,0.24961738,-0.77375309,0.23810762,-0.44965085,-0.84413038,0.39552369,-0.03303662
1.56000000,0.22030216,0.82464524,-0.19076100,-0.54855047,0.81919316,0.45868762,-0.13028963,0.24981294,-0.77378143,0.23805246,-0.44982612,-0.84415634,0.39555694,-0.03312691
1.58000000,0.21855521,0.82614057,-0.18957140,-0.55087734,0.81831363,0.46051597,-0.13575334,0.25001126,-0.77381017,0.23799653,-0.45000386,-0.84418268,0.39559065,-0.03321848
1.60000000,0.21678431,0.82765640,-0.18836548,-0.55323611,0.81742204,0.46236940,-0.14129197,0.25021230,-0.77383931,0.23793983,-0.45018404,-0.84420937,0.39562482,-0.03331131
1.62000000,0.21498982,0.82919243,-0.18714350,-0.55562631,0.81651856,0.46424752,-0.14690441,0.25041601,-0.77386884,0.23788237,-0.45036662,-0.84423643,0.39565945,-0.03340537
1.64000000,0.21317210,0.83074834,-0.18590571,-0.55804745,0.81560340,0.46614994,-0.15258946,0.25062236,-0.77389874,0.23782417,-0.45055157,-0.84426383,0.39569453,-0.03350065
1.66000000,0.21133154,0.83232379,-0.18465236,-0.56049900,0.81467674,0.46807627,-0.15834595,0.25083131,-0.77392903,0.23776524,-0.45073883,-0.84429157,0.39573005,-0.03359713
1.68000000,0.20946855,0.83391846,-0.18338374,-0.56298044,0.81373878,0.47002608,-0.16417263,0.25104280,-0.77395968,0.23770559,-0.45092838,-0.84431966,0.39576600,-0.03369478
1.70000000,0.20758351,0.83553199,-0.18210010,-0.56549125,0.81278972,0.47199897,-0.17006825,0.25125680,-0.77399069,0.23764524,-0.45112018,-0.84434807,0.39580238,-0.03379359
1.72000000,0.20567684,0.83716404,-0.18080173,-0.56803086,0.81182977,0.47399449,-0.17603150,0.25147325,-0.77402206,0.23758419,-0.45131417,-0.84437681,0.39583917,-0.03389353
1.74000000,0.20374896,0.83881423,-0.17948893,-0.57059872,0.81085915,0.47601220,-0.18206109,0.25169210,-0.77405378,0.23752246,-0.45151032,-0.84440587,0.39587637,-0.03399458
1.76000000,0.20180031,0.84048221,-0.17816197,-0.57319425,0.80987807,0.47805166,-0.18815565,0.25191332,-0.77408585,0.23746007,-0.45170859,-0.84443525,0.39591398,-0.03409673
1.78000000,0.19983133,0.84216760,-0.17682117,-0.57581686,0.80888674,0.48011240,-0.19431381,0.25213684,-0.77411824,0.23739703,-0.45190892,-0.84446493,0.39595198,-0.03419994
1.80000000,0.19784246,0.84387001,-0.17546683,-0.57846597,0.80788541,0.48219396,-0.20053418,0.25236263,-0.77415096,0.23733335,-0.45211128,-0.84449491,0.39599036,-0.03430419
1.82000000,0.19583415,0.84558905,-0.17409925,-0.58114096,0.80687429,0.48429585,-0.20681531,0.25259061,-0.77418401,0.23726905,-0.45231561,-0.84452519,0.39602911,-0.03440946
1.84000000,0.19380688,0.84732433,-0.17271876,-0.58384121,0.80585363,0.48641759,-0.21315576,0.25282076,-0.77421736,0.23720414,-0.45252188,-0.84455575,0.39606823,-0.03451572
1.86000000,0.19176112,0.84907543,-0.17132568,-0.58656609,0.80482365,0.48855869,-0.21955405,0.25305300,-0.77425102,0.23713864,-0.45273002,-0.84458658,0.39610771,-0.03462295
1.88000000,0.18969734,0.85084196,-0.16992033,-0.58931496,0.80378460,0.49071863,-0.22600868,0.25328728,-0.77428498,0.23707256,-0.45294000,-0.84461769,0.39614754,-0.03473113
1.90000000,0.18761604,0.85262349,-0.16850304,-0.59208718,0.80273673,0.49289693,-0.23251813,0.25352356,-0.77431922,0.23700592,-0.45315176,-0.84464907,0.39618770,-0.03484023
1.92000000,0.18551771,0.85441959,-0.16707416,-0.59488208,0.80168029,0.49509304,-0.23908083,0.25376177,-0.77435375,0.23693873,-0.45336526,-0.84468070,0.39622820,-0.03495022
1.94000000,0.18340285,0.85622984,-0.16563402,-0.59769900,0.80061552,0.49730646,-0.24569524,0.25400185,-0.77438854,0.23687102,-0.45358043,-0.84471258,0.39626901,-0.03506107
1.96000000,0.18127196,0.85805381,-0.16418297,-0.60053726,0.79954269,0.49953664,-0.25235975,0.25424375,-0.77442360,0.23680279,-0.45379724,-0.84474470,0.39631013,-0.03517277
1.98000000,0.17912558,0.85989105,-0.16272137,-0.60339617,0.79846205,0.50178305,-0.25907276,0.25448742,-0.77445892,0.23673407,-0.45401562,-0.84477706,0.39635155,-0.03528527
2.00000000,0.17696420,0.86174111,-0.16124956,-0.60627504,0.79737387,0.50404515,-0.26583263,0.25473278,-0.77449448,0.23666487,-0.45423553,-0.84480964,0.39639326,-0.03539857
2.02000000,0.17478837,0.86360355,-0.15976790,-0.60917317,0.79627840,0.50632237,-0.27263772,0.25497979,-0.77453028,0.23659520,-0.45445691,-0.84484244,0.39643525,-0.03551262
2.04000000,0.17259862,0.86547791,-0.15827677,-0.61208984,0.79517593,0.50861417,-0.27948635,0.25522838,-0.77456630,0.23652509,-0.45467970,-0.84487545,0.39647751,-0.03562740
2.06000000,0.17039547,0.86736372,-0.15677651,-0.61502435,0.79406672,0.51091998,-0.28637686,0.25547848,-0.77460255,0.23645455,-0.45490386,-0.84490866,0.39652002,-0.03574288
2.08000000,0.16817949,0.86926053,-0.15526752,-0.61797596,0.79295104,0.51323923,-0.29330753,0.25573005,-0.77463901,0.23638360,-0.45512933,-0.84494206,0.39656278,-0.03585904
2.10000000,0.16595122,0.87116786,-0.15375015,-0.62094394,0.79182917,0.51557135,-0.30027665,0.25598301,-0.77467568,0.23631225,-0.45535604,-0.84497565,0.39660579,-0.03597584
2.12000000,0.16371120,0.87308524,-0.15222479,-0.62392756,0.79070140,0.51791575,-0.30728248,0.25623730,-0.77471253,0.23624053,-0.45558395,-0.84500942,0.39664901,-0.03609325
2.14000000,0.16146000,0.87501220,-0.15069181,-0.62692607,0.78956799,0.52027185,-0.31432328,0.25649286,-0.77474957,0.23616845,-0.45581300,-0.84504336,0.39669246,-0.03621125
2.16000000,0.15919819,0.87694823,-0.14915160,-0.62993872,0.78842924,0.52263907,-0.32139729,0.25674963,-0.77478678,0.23609604,-0.45604313,-0.84507745,0.39673610,-0.03632981
2.18000000,0.15692632,0.87889288,-0.14760455,-0.63296477,0.78728542,0.52501681,-0.32850274,0.25700754,-0.77482416,0.23602329,-0.45627428,-0.84511170,0.39677994,-0.03644889
2.20000000,0.15464497,0.88084564,-0.14605104,-0.63600344,0.78613684,0.52740446,-0.33563784,0.25726652,-0.77486170,0.23595025,-0.45650639,-0.84514609,0.39682397,-0.03656848
2.22000000,0.15235472,0.88280602,-0.14449147,-0.63905397,0.78498377,0.52980144,-0.34280080,0.25752652,-0.77489938,0.23587692,-0.45673942,-0.84518061,0.39686817,-0.03668852
2.24000000,0.15005614,0.88477353,-0.14292623,-0.64211560,0.78382650,0.53220714,-0.34998980,0.25778746,-0.77493720,0.23580333,-0.45697328,-0.84521526,0.39691252,-0.03680901
2.26000000,0.14774981,0.88674767,-0.14135571,-0.64518754,0.78266534,0.53462094,-0.35720302,0.25804928,-0.77497515,0.23572948,-0.45720794,-0.84525003,0.39695703,-0.03692990
2.28000000,0.14543632,0.88872794,-0.13978032,-0.64826902,0.78150057,0.53704224,-0.36443865,0.25831191,-0.77501321,0.23565541,-0.45744333,-0.84528490,0.39700168,-0.03705117
2.30000000,0.14311626,0.89071384,-0.13820044,-0.65135926,0.78033249,0.53947042,-0.37169484,0.25857529,-0.77505138,0.23558112,-0.45767938,-0.84531988,0.39704645,-0.03717278
2.32000000,0.14079021,0.89270486,-0.13661650,-0.65445748,0.77916140,0.54190487,-0.37896975,0.25883935,-0.77508965,0.23550665,-0.45791604,-0.84535494,0.39709134,-0.03729470
2.34000000,0.13845877,0.89470050,-0.13502888,-0.65756287,0.77798759,0.54434496,-0.38626153,0.25910402,-0.77512801,0.23543200,-0.45815326,-0.84539009,0.39713633,-0.03741691
2.36000000,0.13612252,0.89670024,-0.13343799,-0.66067466,0.77681137,0.54679007,-0.39356832,0.25936924,-0.77516645,0.23535720,-0.45839096,-0.84542530,0.39718141,-0.03753937
2.38000000,0.13378208,0.89870359,-0.13184424,-0.66379205,0.77563303,0.54923958,-0.40088825,0.25963493,-0.77520496,0.23528226,-0.45862908,-0.84546058,0.39722658,-0.03766205
2.40000000,0.13143803,0.90071002,-0.13024803,-0.66691424,0.77445287,0.55169287,-0.40821947,0.25990104,-0.77524353,0.23520721,-0.45886758,-0.84549592,0.39727181,-0.03778492
2.42000000,0.12909097,0.90271902,-0.12864977,-0.67004044,0.77327120,0.55414930,-0.41556009,0.26016748,-0.77528214,0.23513206,-0.45910638,-0.84553130,0.39731710,-0.03790794
2.44000000,0.12674150,0.90473009,-0.12704988,-0.67316984,0.77208832,0.55660825,-0.42290823,0.26043420,-0.77532080,0.23505684,-0.45934543,-0.84556672,0.39736244,-0.03803110
2.46000000,0.12439023,0.90674270,-0.12544876,-0.67630165,0.77090453,0.55906909,-0.43026203,0.26070112,-0.77535948,0.23498155,-0.45958466,-0.84560216,0.39740782,-0.03815434
2.48000000,0.12203775,0.90875635,-0.12384681,-0.67943507,0.76972013,0.56153120,-0.43761960,0.26096818,-0.77539819,0.23490623,-0.45982401,-0.84563762,0.39745322,-0.03827765
2.50000000,0.11968467,0.91077050,-0.12224446,-0.68256928,0.76853543,0.56399393,-0.44497904,0.26123531,-0.77543690,0.23483089,-0.46006342,-0.84567310,0.39749862,-0.03840100
2.52000000,0.11733159,0.91278466,-0.12064210,-0.68570350,0.76735073,0.56645667,-0.45233849,0.26150244,-0.77547562,0.23475555,-0.46030283,-0.84570857,0.39754403,-0.03852434
2.54000000,0.11497912,0.91479830,-0.11904016,-0.68883691,0.76616633,0.56891877,-0.45969605,0.26176950,-0.77551433,0.23468023,-0.46054219,-0.84574403,0.39758943,-0.03864765
2.56000000,0.11262785,0.91681092,-0.11743904,-0.69196872,0.76498254,0.57137961,-0.46704985,0.26203642,-0.77555301,0.23460495,-0.46078142,-0.84577947,0.39763480,-0.03877089
2.58000000,0.11027838,0.91882198,-0.11583914,-0.69509812,0.76379965,0.57383856,-0.47439800,0.26230314,-0.77559167,0.23452972,-0.46102046,-0.84581489,0.39768014,-0.03889405
2.60000000,0.10793132,0.92083099,-0.11424089,-0.69822432,0.76261798,0.57629500,-0.48173862,0.26256958,-0.77563028,0.23445457,-0.46125926,-0.84585027,0.39772544,-0.03901707
2.62000000,0.10558727,0.92283742,-0.11264468,-0.70134651,0.76143783,0.57874828,-0.48906983,0.26283568,-0.77566885,0.23437952,-0.46149776,-0.84588561,0.39777067,-0.03913994
2.64000000,0.10324682,0.92484076,-0.11105093,-0.70446390,0.76025949,0.58119780,-0.49638977,0.26310138,-0.77570736,0.23430458,-0.46173589,-0.84592089,0.39781584,-0.03926262
2.66000000,0.10091058,0.92684051,-0.10946004,-0.70757569,0.75908326,0.58364291,-0.50369656,0.26336659,-0.77574580,0.23422978,-0.46197359,-0.84595610,0.39786092,-0.03938508
2.68000000,0.09857914,0.92883615,-0.10787242,-0.71068108,0.75790945,0.58608300,-0.51098834,0.26363127,-0.77578416,0.23415513,-0.46221080,-0.84599125,0.39790591,-0.03950729
2.70000000,0.09625309,0.93082717,-0.10628847,-0.71377930,0.75673836,0.58851744,-0.51826325,0.26389533,-0.77582243,0.23408066,-0.46244746,-0.84602631,0.39795080,-0.03962921
2.72000000,0.09393302,0.93281307,-0.10470860,-0.71686954,0.75557028,0.59094562,-0.52551944,0.26415871,-0.77586060,0.23400637,-0.46268352,-0.84606129,0.39799557,-0.03975082
2.74000000,0.09161953,0.93479334,-0.10313321,-0.71995102,0.75440551,0.59336692,-0.53275506,0.26442134,-0.77589866,0.23393230,-0.46291890,-0.84609616,0.39804022,-0.03987209
2.76000000,0.08931321,0.93676748,-0.10156269,-0.72302296,0.75324435,0.59578072,-0.53996829,0.26468316,-0.77593661,0.23385846,-0.46315356,-0.84613093,0.39808472,-0.03999298
2.78000000,0.08701463,0.93873499,-0.09999744,-0.72608459,0.75208709,0.59818642,-0.54715729,0.26494410,-0.77597443,0.23378486,-0.46338743,-0.84616558,0.39812908,-0.04011347
2.80000000,0.08472437,0.94069537,-0.09843787,-0.72913512,0.75093402,0.60058340,-0.55432024,0.26520410,-0.77601211,0.23371153,-0.46362045,-0.84620010,0.39817328,-0.04023351
2.82000000,0.08244303,0.94264813,-0.09688437,-0.73217379,0.74978543,0.60297106,-0.56145534,0.26546308,-0.77604965,0.23363849,-0.46385256,-0.84623449,0.39821730,-0.04035310
2.84000000,0.08017116,0.94459277,-0.09533731,-0.73519984,0.74864162,0.60534880,-0.56856079,0.26572099,-0.77608703,0.23356575,-0.46408371,-0.84626874,0.39826115,-0.04047218
2.86000000,0.07790935,0.94652881,-0.09379711,-0.73821249,0.74750286,0.60771601,-0.57563480,0.26597776,-0.77612424,0.23349333,-0.46431384,-0.84630283,0.39830479,-0.04059074
2.88000000,0.07565815,0.94845576,-0.09226413,-0.74121100,0.74636946,0.61007212,-0.58267561,0.26623332,-0.77616128,0.23342125,-0.46454289,-0.84633677,0.39834824,-0.04070874
2.90000000,0.07341813,0.95037314,-0.09073877,-0.74419462,0.74524168,0.61241652,-0.58968144,0.26648761,-0.77619813,0.23334953,-0.46477080,-0.84637054,0.39839146,-0.04082616
2.92000000,0.07118986,0.95228047,-0.08922140,-0.74716261,0.74411981,0.61474863,-0.59665056,0.26674057,-0.77623480,0.23327818,-0.46499751,-0.84640413,0.39843446,-0.04094296
2.94000000,0.06897387,0.95417728,-0.08771240,-0.75011421,0.74300414,0.61706788,-0.60358123,0.26699214,-0.77627126,0.23320723,-0.46522298,-0.84643753,0.39847723,-0.04105911
2.96000000,0.06677073,0.95606310,-0.08621215,-0.75304872,0.74189492,0.61937369,-0.61047173,0.26724224,-0.77630751,0.23313669,-0.46544714,-0.84647074,0.39851974,-0.04117459
2.98000000,0.06458098,0.95793746,-0.08472101,-0.75596539,0.74079245,0.62166549,-0.61732037,0.26749083,-0.77634353,0.23306658,-0.46566993,-0.84650375,0.39856200,-0.04128937
3.00000000,0.06240515,0.95979990,-0.08323936,-0.75886352,0.73969699,0.62394272,-0.62412546,0.26773784,-0.77637933,0.23299691,-0.46589131,-0.84653655,0.39860399,-0.04140342
3.02000000,0.06024377,0.96164996,-0.08176755,-0.76174239,0.73860880,0.62620481,-0.63088533,0.26798320,-0.77641489,0.23292771,-0.46611122,-0.84656913,0.39864570,-0.04151672
3.04000000,0.05809738,0.96348720,-0.08030594,-0.76460130,0.73752817,0.62845122,-0.63759834,0.26822686,-0.77645021,0.23285899,-0.46632961,-0.84660149,0.39868712,-0.04162923
3.06000000,0.05596650,0.96531117,-0.07885489,-0.76743956,0.73645533,0.63068141,-0.64426285,0.26846877,-0.77648527,0.23279076,-0.46654641,-0.84663361,0.39872824,-0.04174092
3.08000000,0.05385164,0.96712142,-0.07741476,-0.77025648,0.73539057,0.63289482,-0.65087725,0.26870885,-0.77652006,0.23272305,-0.46676159,-0.84666549,0.39876905,-0.04185178
3.10000000,0.05175331,0.96891752,-0.07598588,-0.77305138,0.73433412,0.63509094,-0.65743996,0.26894706,-0.77655459,0.23265586,-0.46697508,-0.84669712,0.39880955,-0.04196176
3.12000000,0.04967200,0.97069905,-0.07456859,-0.77582360,0.73328625,0.63726923,-0.66394940,0.26918334,-0.77658883,0.23258923,-0.46718684,-0.84672850,0.39884971,-0.04207086
3.14000000,0.04760823,0.97246557,-0.07316324,-0.77857247,0.73224721,0.63942918,-0.67040403,0.26941762,-0.77662279,0.23252315,-0.46739682,-0.84675961,0.39888954,-0.04217904
3.16000000,0.04556246,0.97421668,-0.07177016,-0.78129736,0.73121723,0.64157028,-0.67680232,0.26964986,-0.77665645,0.23245765,-0.46760497,-0.84679044,0.39892901,-0.04228627
3.18000000,0.04353519,0.97595196,-0.07038967,-0.78399760,0.73019656,0.64369202,-0.68314278,0.26988000,-0.77668980,0.23239274,-0.46781123,-0.84682100,0.39896814,-0.04239253
3.20000000,0.04152689,0.97767100,-0.06902209,-0.78667259,0.72918544,0.64579391,-0.68942391,0.27010799,-0.77672285,0.23232843,-0.46801557,-0.84685128,0.39900689,-0.04249780
3.22000000,0.03953802,0.97937341,-0.06766775,-0.78932170,0.72818411,0.64787546,-0.69564427,0.27033377,-0.77675557,0.23226475,-0.46821792,-0.84688126,0.39904527,-0.04260205
3.24000000,0.03756903,0.98105879,-0.06632694,-0.79194431,0.72719279,0.64993621,-0.70180243,0.27055730,-0.77678796,0.23220171,-0.46841826,-0.84691094,0.39908327,-0.04270526
3.26000000,0.03562038,0.98272677,-0.06499999,-0.79453984,0.72621170,0.65197566,-0.70789700,0.27077851,-0.77682003,0.23213932,-0.46861652,-0.84694032,0.39912087,-0.04280741
3.28000000,0.03369251,0.98437697,-0.06368718,-0.79710770,0.72524108,0.65399338,-0.71392658,0.27099737,-0.77685175,0.23207759,-0.46881267,-0.84696938,0.39915808,-0.04290846
3.30000000,0.03178584,0.98600902,-0.06238882,-0.79964731,0.72428113,0.65598890,-0.71988984,0.27121382,-0.77688312,0.23201655,-0.46900667,-0.84699812,0.39919487,-0.04300840
3.32000000,0.02990080,0.98762255,-0.06110518,-0.80215812,0.72333207,0.65796178,-0.72578546,0.27142782,-0.77691413,0.23195619,-0.46919846,-0.84702653,0.39923125,-0.04310721
3.34000000,0.02803780,0.98921721,-0.05983655,-0.80463956,0.72239411,0.65991160,-0.73161214,0.27163931,-0.77694478,0.23189654,-0.46938801,-0.84705462,0.39926720,-0.04320486
3.36000000,0.02619725,0.99079267,-0.05858321,-0.80709111,0.72146745,0.66183792,-0.73736862,0.27184825,-0.77697507,0.23183761,-0.46957528,-0.84708236,0.39930272,-0.04330134
3.38000000,0.02437953,0.99234857,-0.05734541,-0.80951225,0.72055229,0.66374034,-0.74305368,0.27205461,-0.77700497,0.23177941,-0.46976022,-0.84710976,0.39933780,-0.04339662
3.40000000,0.02258504,0.99388460,-0.05612343,-0.81190245,0.71964882,0.66561846,-0.74866611,0.27225832,-0.77703450,0.23172195,-0.46994280,-0.84713682,0.39937243,-0.04349068
3.42000000,0.02081413,0.99540044,-0.05491752,-0.81426123,0.71875722,0.66747189,-0.75420475,0.27245936,-0.77706364,0.23166525,-0.47012298,-0.84716351,0.39940660,-0.04358351
3.44000000,0.01906719,0.99689576,-0.05372792,-0.81658809,0.71787769,0.66930024,-0.75966846,0.27265768,-0.77709238,0.23160932,-0.47030072,-0.84718985,0.39944031,-0.04367508
3.46000000,0.01734456,0.99837028,-0.05255487,-0.81888258,0.71701040,0.67110315,-0.76505614,0.27285323,-0.77712072,0.23155416,-0.47047599,-0.84721581,0.39947356,-0.04376537
3.48000000,0.01564657,0.99982370,-0.05139861,-0.82114423,0.71615552,0.67288026,-0.77036672,0.27304599,-0.77714866,0.23149980,-0.47064875,-0.84724141,0.39950632,-0.04385438
3.50000000,0.01397357,1.00125573,-0.05025937,-0.82337260,0.71531322,0.67463123,-0.77559917,0.27323592,-0.77717618,0.23144623,-0.47081897,-0.84726663,0.39953861,-0.04394207
3.52000000,0.01232587,1.00266611,-0.04913735,-0.82556728,0.71448365,0.67635571,-0.78075249,0.27342297,-0.77720329,0.23139348,-0.47098662,-0.84729147,0.39957040,-0.04402844
3.54000000,0.01070378,1.00405457,-0.04803277,-0.82772785,0.71366698,0.67805340,-0.78582572,0.27360711,-0.77722998,0.23134154,-0.47115166,-0.84731592,0.39960171,-0.04411346
3.56000000,0.00910759,1.00542085,-0.04694582,-0.82985392,0.71286335,0.67972397,-0.79081793,0.27378832,-0.77725624,0.23129043,-0.47131406,-0.84733998,0.39963251,-0.04419713
3.58000000,0.00753759,1.00676473,-0.04587671,-0.83194510,0.71207290,0.68136713,-0.79572825,0.27396655,-0.77728208,0.23124016,-0.47147380,-0.84736365,0.39966281,-0.04427943
3.60000000,0.00599404,1.00808595,-0.04482562,-0.83400105,0.71129577,0.68298261,-0.80055581,0.27414178,-0.77730747,0.23119074,-0.47163085,-0.84738692,0.39969259,-0.04436033
3.62000000,0.00447721,1.00938430,-0.04379272,-0.83602141,0.71053210,0.68457012,-0.80529981,0.27431397,-0.77733243,0.23114218,-0.47178518,-0.84740978,0.39972187,-0.04443984
3.64000000,0.00298735,1.01065958,-0.04277818,-0.83800585,0.70978200,0.68612941,-0.80995948,0.27448310,-0.77735694,0.23109448,-0.47193676,-0.84743224,0.39975062,-0.04451794
3.66000000,0.00152468,1.01191157,-0.04178216,-0.83995407,0.70904559,0.68766024,-0.81453409,0.27464915,-0.77738101,0.23104764,-0.47208558,-0.84745429,0.39977884,-0.04459460
3.68000000,0.00008943,1.01314010,-0.04080481,-0.84186577,0.70832299,0.68916238,-0.81902296,0.27481208,-0.77740462,0.23100169,-0.47223161,-0.84747592,0.39980654,-0.04466984
3.70000000,-0.00131820,1.01434498,-0.03984627,-0.84374068,0.70761429,0.69063560,-0.82342543,0.27497188,-0.77742778,0.23095662,-0.47237483,-0.84749714,0.39983370,-0.04474362
3.72000000,-0.00269801,1.01552606,-0.03890668,-0.84557854,0.70691960,0.69207971,-0.82774090,0.27512852,-0.77745048,0.23091244,-0.47251522,-0.84751794,0.39986033,-0.04481595
3.74000000,-0.00404983,1.01668317,-0.03798614,-0.84737911,0.70623900,0.69349452,-0.83196882,0.27528198,-0.77747273,0.23086916,-0.47265276,-0.84753832,0.39988642,-0.04488680
3.76000000,-0.00537348,1.01781618,-0.03708478,-0.84914217,0.70557258,0.69487986,-0.83610867,0.27543225,-0.77749450,0.23082678,-0.47278743,-0.84755827,0.39991196,-0.04495619
3.78000000,-0.00666883,1.01892495,-0.03620270,-0.85086753,0.70492042,0.69623558,-0.84015997,0.27557930,-0.77751582,0.23078530,-0.47291923,-0.84757780,0.39993696,-0.04502409
3.80000000,-0.00793573,1.02000938,-0.03534000,-0.85255499,0.70428257,0.69756151,-0.84412231,0.27572312,-0.77753666,0.23074474,-0.47304813,-0.84759690,0.39996141,-0.04509049
3.82000000,-0.00917406,1.02106935,-0.03449674,-0.85420441,0.70365911,0.69885755,-0.84799529,0.27586370,-0.77755704,0.23070509,-0.47317412,-0.84761557,0.39998530,-0.04515540
3.84000000,-0.01038372,1.02210478,-0.03367301,-0.85581563,0.70305009,0.70012358,-0.85177860,0.27600102,-0.77757694,0.23066636,-0.47329720,-0.84763380,0.40000865,-0.04521881
3.86000000,-0.01156462,1.02311558,-0.03286887,-0.85738854,0.70245554,0.70135951,-0.85547194,0.27613508,-0.77759637,0.23062855,-0.47341735,-0.84765160,0.40003144,-0.04528071
3.88000000,-0.01271667,1.02410170,-0.03208436,-0.85892303,0.70187552,0.70256525,-0.85907509,0.27626587,-0.77761532,0.23059166,-0.47353456,-0.84766897,0.40005367,-0.04534110
3.90000000,-0.01383982,1.02506309,-0.03131954,-0.86041903,0.70131005,0.70374074,-0.86258785,0.27639337,-0.77763380,0.23055570,-0.47364884,-0.84768590,0.40007534,-0.04539997
3.92000000,-0.01493404,1.02599969,-0.03057442,-0.86187648,0.70075915,0.70488594,-0.86601008,0.27651759,-0.77765180,0.23052067,-0.47376017,-0.84770239,0.40009646,-0.04545732
3.94000000,-0.01599928,1.02691151,-0.02984904,-0.86329534,0.70022283,0.70600083,-0.86934171,0.27663852,-0.77766933,0.23048656,-0.47386855,-0.84771845,0.40011702,-0.04551316
3.96000000,-0.01703553,1.02779851,-0.02914339,-0.86467560,0.69970111,0.70708537,-0.87258269,0.27675616,-0.77768638,0.23045338,-0.47397399,-0.84773407,0.40013701,-0.04556748
3.98000000,-0.01804282,1.02866071,-0.02845747,-0.86601726,0.69919397,0.70813959,-0.87573304,0.27687050,-0.77770295,0.23042113,-0.47407647,-0.84774926,0.40015645,-0.04562028
4.00000000,-0.01902114,1.02949812,-0.02779127,-0.86732036,0.69870142,0.70916351,-0.87879284,0.27698157,-0.77771905,0.23038981,-0.47417601,-0.84776400,0.40017533,-0.04567156
4.02000000,-0.01997056,1.03031079,-0.02714475,-0.86858494,0.69822342,0.71015717,-0.88176221,0.27708935,-0.77773467,0.23035941,-0.47427261,-0.84777832,0.40019365,-0.04572132
4.04000000,-0.02089111,1.03109876,-0.02651789,-0.86981109,0.69775995,0.71112062,-0.88464132,0.27719385,-0.77774982,0.23032993,-0.47436627,-0.84779219,0.40021142,-0.04576958
4.06000000,-0.02178288,1.03186208,-0.02591063,-0.87099890,0.69731097,0.71205395,-0.88743042,0.27729509,-0.77776449,0.23030138,-0.47445700,-0.84780564,0.40022863,-0.04581632
4.08000000,-0.02264597,1.03260085,-0.02532290,-0.87214849,0.69687643,0.71295726,-0.89012978,0.27739307,-0.77777869,0.23027375,-0.47454482,-0.84781865,0.40024528,-0.04586156
4.10000000,-0.02348047,1.03331516,-0.02475464,-0.87326002,0.69645629,0.71383065,-0.89273975,0.27748780,-0.77779242,0.23024703,-0.47462972,-0.84783123,0.40026139,-0.04590530
4.12000000,-0.02428652,1.03400511,-0.02420575,-0.87433365,0.69605047,0.71467426,-0.89526074,0.27757931,-0.77780568,0.23022122,-0.47471174,-0.84784338,0.40027694,-0.04594755
4.14000000,-0.02506426,1.03467084,-0.02367614,-0.87536958,0.69565889,0.71548825,-0.89769320,0.27766760,-0.77781848,0.23019632,-0.47479087,-0.84785510,0.40029195,-0.04598832
4.16000000,-0.02581387,1.03531248,-0.02316569,-0.87636802,0.69528149,0.71627279,-0.90003766,0.27775270,-0.77783081,0.23017232,-0.47486714,-0.84786640,0.40030642,-0.04602761
4.18000000,-0.02653552,1.03593019,-0.02267427,-0.87732924,0.69491816,0.71702807,-0.90229468,0.27783462,-0.77784269,0.23014921,-0.47494056,-0.84787728,0.40032034,-0.04606544
4.20000000,-0.02722943,1.03652415,-0.02220175,-0.87825349,0.69456880,0.71775431,-0.90446492,0.27791339,-0.77785410,0.23012699,-0.47501116,-0.84788774,0.40033373,-0.04610181
4.22000000,-0.02789580,1.03709454,-0.02174797,-0.87914108,0.69423330,0.71845174,-0.90654907,0.27798904,-0.77786507,0.23010566,-0.47507896,-0.84789779,0.40034659,-0.04613674
4.24000000,-0.02853490,1.03764159,-0.02131277,-0.87999233,0.69391154,0.71912061,-0.90854789,0.27806159,-0.77787558,0.23008520,-0.47514399,-0.84790742,0.40035892,-0.04617024
4.26000000,-0.02914697,1.03816550,-0.02089598,-0.88080759,0.69360338,0.71976121,-0.91046220,0.27813108,-0.77788565,0.23006560,-0.47520626,-0.84791665,0.40037074,-0.04620233
4.28000000,-0.02973231,1.03866653,-0.02049738,-0.88158724,0.69330868,0.72037382,-0.91229289,0.27819753,-0.77789528,0.23004686,-0.47526582,-0.84792547,0.40038203,-0.04623301
4.30000000,-0.03029121,1.03914493,-0.02011679,-0.88233168,0.69302729,0.72095877,-0.91404091,0.27826098,-0.77790448,0.23002896,-0.47532268,-0.84793389,0.40039282,-0.04626230
4.32000000,-0.03082401,1.03960099,-0.01975398,-0.88304134,0.69275905,0.72151640,-0.91570726,0.27832146,-0.77791324,0.23001190,-0.47537689,-0.84794193,0.40040310,-0.04629023
4.34000000,-0.03133104,1.04003499,-0.01940871,-0.88371669,0.69250377,0.72204705,-0.91729304,0.27837902,-0.77792159,0.22999567,-0.47542848,-0.84794957,0.40041288,-0.04631681
4.36000000,-0.03181267,1.04044725,-0.01908074,-0.88435820,0.69226129,0.72255113,-0.91879938,0.27843370,-0.77792951,0.22998025,-0.47547748,-0.84795683,0.40042218,-0.04634205
4.38000000,-0.03226929,1.04083810,-0.01876980,-0.88496640,0.69203139,0.72302903,-0.92022750,0.27848553,-0.77793702,0.22996563,-0.47552394,-0.84796371,0.40043099,-0.04636599
4.40000000,-0.03270131,1.04120789,-0.01847561,-0.88554184,0.69181388,0.72348118,-0.92157867,0.27853458,-0.77794413,0.22995180,-0.47556790,-0.84797023,0.40043933,-0.04638863
4.42000000,-0.03310915,1.04155700,-0.01819789,-0.88608507,0.69160855,0.72390803,-0.92285424,0.27858088,-0.77795084,0.22993874,-0.47560939,-0.84797637,0.40044720,-0.04641001
4.44000000,-0.03349328,1.04188580,-0.01793631,-0.88659672,0.69141515,0.72431006,-0.92405563,0.27862448,-0.77795716,0.22992644,-0.47564847,-0.84798216,0.40045461,-0.04643015
4.46000000,-0.03385416,1.04219470,-0.01769057,-0.88707740,0.69123346,0.72468776,-0.92518432,0.27866545,-0.77796310,0.22991488,-0.47568519,-0.84798760,0.40046157,-0.04644906
4.48000000,-0.03419229,1.04248413,-0.01746031,-0.88752778,0.69106322,0.72504165,-0.92624186,0.27870384,-0.77796866,0.22990406,-0.47571960,-0.84799270,0.40046810,-0.04646679
4.50000000,-0.03450820,1.04275454,-0.01724519,-0.88794856,0.69090417,0.72537228,-0.92722989,0.27873970,-0.77797386,0.22989394,-0.47575174,-0.84799746,0.40047420,-0.04648335
4.52000000,-0.03480242,1.04300638,-0.01704484,-0.88834045,0.69075604,0.72568021,-0.92815009,0.27877310,-0.77797870,0.22988452,-0.47578167,-0.84800190,0.40047987,-0.04649877
4.54000000,-0.03507553,1.04324015,-0.01685886,-0.88870421,0.69061854,0.72596604,-0.92900424,0.27880410,-0.77798320,0.22987578,-0.47580946,-0.84800602,0.40048514,-0.04651308
4.56000000,-0.03532810,1.04345634,-0.01668687,-0.88904063,0.69049138,0.72623038,-0.92979419,0.27883278,-0.77798735,0.22986769,-0.47583516,-0.84800982,0.40049002,-0.04652632
4.58000000,-0.03556076,1.04365549,-0.01652844,-0.88935052,0.69037424,0.72647388,-0.93052184,0.27885919,-0.77799118,0.22986024,-0.47585883,-0.84801333,0.40049451,-0.04653852
4.60000000,-0.03577413,1.04383813,-0.01638314,-0.88963473,0.69026681,0.72669720,-0.93118918,0.27888341,-0.77799469,0.22985341,-0.47588054,-0.84801655,0.40049863,-0.04654970
4.62000000,-0.03596889,1.04400484,-0.01625052,-0.88989413,0.69016876,0.72690103,-0.93179830,0.27890552,-0.77799789,0.22984717,-0.47590035,-0.84801948,0.40050238,-0.04655991
4.64000000,-0.03614571,1.04415619,-0.01613011,-0.89012965,0.69007974,0.72708609,-0.93235132,0.27892559,-0.77800080,0.22984151,-0.47591835,-0.84802215,0.40050580,-0.04656918
4.66000000,-0.03630530,1.04429280,-0.01602143,-0.89034223,0.68999939,0.72725312,-0.93285047,0.27894371,-0.77800343,0.22983640,-0.47593458,-0.84802455,0.40050888,-0.04657754
4.68000000,-0.03644841,1.04441529,-0.01592399,-0.89053284,0.68992734,0.72740290,-0.93329804,0.27895996,-0.77800578,0.22983182,-0.47594914,-0.84802671,0.40051164,-0.04658505
4.70000000,-0.03657578,1.04452432,-0.01583725,-0.89070249,0.68986321,0.72753620,-0.93369641,0.27897442,-0.77800788,0.22982774,-0.47596210,-0.84802863,0.40051410,-0.04659172
4.72000000,-0.03668820,1.04462055,-0.01576069,-0.89085224,0.68980661,0.72765387,-0.93404802,0.27898718,-0.77800973,0.22982414,-0.47597354,-0.84803033,0.40051627,-0.04659762
4.74000000,-0.03678649,1.04470468,-0.01569376,-0.89098316,0.68975712,0.72775674,-0.93435543,0.27899834,-0.77801135,0.22982100,-0.47598354,-0.84803181,0.40051816,-0.04660277
4.76000000,-0.03687148,1.04477742,-0.01563589,-0.89109635,0.68971433,0.72784568,-0.93462123,0.27900798,-0.77801274,0.22981828,-0.47599219,-0.84803309,0.40051980,-0.04660722
4.78000000,-0.03694402,1.04483952,-0.01558649,-0.89119298,0.68967781,0.72792161,-0.93484812,0.27901622,-0.77801394,0.22981595,-0.47599957,-0.84803418,0.40052120,-0.04661102
4.80000000,-0.03700501,1.04489173,-0.01554496,-0.89127422,0.68964710,0.72798544,-0.93503888,0.27902314,-0.77801494,0.22981400,-0.47600578,-0.84803510,0.40052238,-0.04661422
4.82000000,-0.03705537,1.04493483,-0.01551067,-0.89134129,0.68962175,0.72803814,-0.93519636,0.27902886,-0.77801577,0.22981239,-0.47601090,-0.84803586,0.40052335,-0.04661686
4.84000000,-0.03709602,1.04496963,-0.01548298,-0.89139544,0.68960128,0.72808069,-0.93532351,0.27903348,-0.77801644,0.22981109,-0.47601504,-0.84803647,0.40052414,-0.04661899
4.86000000,-0.03712795,1.04499696,-0.01546125,-0.89143796,0.68958521,0.72811411,-0.93542336,0.27903710,-0.77801696,0.22981006,-0.47601828,-0.84803695,0.40052475,-0.04662067
4.88000000,-0.03715214,1.04501766,-0.01544477,-0.89147018,0.68957303,0.72813942,-0.93549901,0.27903985,-0.77801736,0.22980929,-0.47602074,-0.84803732,0.40052522,-0.04662193
4.90000000,-0.03716961,1.04503262,-0.01543287,-0.89149346,0.68956423,0.72815771,-0.93555366,0.27904183,-0.77801765,0.22980873,-0.47602252,-0.84803758,0.40052556,-0.04662285
4.92000000,-0.03718142,1.04504272,-0.01542483,-0.89150918,0.68955829,0.72817007,-0.93559059,0.27904317,-0.77801784,0.22980835,-0.47602372,-0.84803776,0.40052578,-0.04662347
4.94000000,-0.03718864,1.04504890,-0.01541992,-0.89151880,0.68955465,0.72817762,-0.93561318,0.27904399,-0.77801796,0.22980812,-0.47602446,-0.84803787,0.40052592,-0.04662385
4.96000000,-0.03719238,1.04505210,-0.01541737,-0.89152378,0.68955277,0.72818154,-0.93562487,0.27904441,-0.77801802,0.22980800,-0.47602484,-0.84803793,0.40052599,-0.04662404
4.98000000,-0.03719376,1.04505329,-0.01541643,-0.89152563,0.68955207,0.72818299,-0.93562921,0.27904457,-0.77801805,0.22980796,-0.47602498,-0.84803795,0.40052602,-0.04662412
5.00000000,-0.03719396,1.04505346,-0.01541629,-0.89152589,0.68955197,0.72818320,-0.93562983,0.27904459,-0.77801805,0.22980795,-0.47602500,-0.84803795,0.40052603,-0.04662413
