time_s,x_m,y_m,z_m,yaw_rad
0.000000,-0.003963500,0.000000000,0.050000001,0.000000000
0.002000,-0.003956833,0.000000000,0.050000001,0.000000000
0.022000,-0.003533132,0.000000000,0.050000001,0.000000000
0.042000,-0.002489828,0.000000000,0.050000001,0.000000000
0.062000,-0.000867008,0.000000000,0.050000001,0.000000000
0.082000,0.001297829,0.000000000,0.050000001,0.000000000
0.102000,0.003969617,0.000000000,0.050000001,0.000000000
0.122000,0.007115553,0.000000000,0.050000001,0.000000000
0.142000,0.010704958,0.000000000,0.050000001,0.000000000
0.162000,0.014709140,0.000000000,0.050000001,0.000000000
0.182000,0.019101262,0.000000000,0.050000001,0.000000000
0.202000,0.023856226,0.000000000,0.050000001,0.000000000
0.222000,0.028950553,0.000000000,0.050000001,0.000000000
0.242000,0.034362283,0.000000000,0.050000001,0.000000000
0.262000,0.040070884,0.000000000,0.050000001,0.000000000
0.282000,0.046057153,0.000000000,0.050000001,0.000000000
0.302000,0.052303113,0.000000000,0.050000001,0.000000000
0.322000,0.058791965,0.000000000,0.050000001,0.000000000
0.342000,0.065508001,0.000000000,0.050000001,0.000000000
0.362000,0.072436504,0.000000000,0.050000001,0.000000000
0.382000,0.079563737,0.000000000,0.050000001,0.000000000
0.402000,0.086876862,0.000000000,0.050000001,0.000000000
0.422000,0.094363816,0.000000000,0.050000001,0.000000000
0.442000,0.102013372,0.000000000,0.050000001,0.000000000
0.462000,0.109815009,0.000000000,0.050000001,0.000000000
0.482000,0.117758885,0.000000000,0.050000001,0.000000000
0.502000,0.125835791,0.000000000,0.050000001,0.000000000
0.522000,0.134037152,0.000000000,0.050000001,0.000000000
0.542000,0.142354846,0.000000000,0.050000001,0.000000000
0.562000,0.150781423,0.000000000,0.050000001,0.000000000
0.582000,0.159309775,0.000000000,0.050000001,0.000000000
0.602000,0.167933345,0.000000000,0.050000001,0.000000000
0.622000,0.176645964,0.000000000,0.050000001,0.000000000
0.642000,0.185441926,0.000000000,0.050000001,0.000000000
0.662000,0.194315776,0.000000000,0.050000001,0.000000000
0.682000,0.203262463,0.000000000,0.050000001,0.000000000
0.702000,0.212277308,0.000000000,0.050000001,0.000000000
0.722000,0.221355900,0.000000000,0.050000001,0.000000000
0.742000,0.230494097,0.000000000,0.050000001,0.000000000
0.762000,0.239688069,0.000000000,0.050000001,0.000000000
0.782000,0.248934194,0.000000000,0.050000001,0.000000000
0.802000,0.258229107,0.000000000,0.050000001,0.000000000
0.822000,0.267569661,0.000000000,0.050000001,0.000000000
0.842000,0.276952803,0.000000000,0.050000001,0.000000000
0.862000,0.286375880,0.000000000,0.050000001,0.000000000
0.882000,0.295836270,0.000000000,0.050000001,0.000000000
0.902000,0.305331618,0.000000000,0.050000001,0.000000000
0.922000,0.314859629,0.000000000,0.050000001,0.000000000
0.942000,0.324418098,0.000000000,0.050000001,0.000000000
0.962000,0.334005177,0.000000000,0.050000001,0.000000000
0.982000,0.343618959,0.000000000,0.050000001,0.000000000
1.002000,0.353257805,0.000000000,0.050000001,0.000000000
1.022000,0.362919956,0.000000000,0.050000001,0.000000000
1.042000,0.372604012,0.000000000,0.050000001,0.000000000
1.062000,0.382308453,0.000000000,0.050000001,0.000000000
1.082000,0.392032057,0.000000000,0.050000001,0.000000000
1.102000,0.401773542,0.000000000,0.050000001,0.000000000
1.122000,0.411531746,0.000000000,0.050000001,0.000000000
1.142000,0.421305567,0.000000000,0.050000001,0.000000000
1.162000,0.431094050,0.000000000,0.050000001,0.000000000
1.182000,0.440896213,0.000000000,0.050000001,0.000000000
1.202000,0.450711191,0.000000000,0.050000001,0.000000000
1.222000,0.460538119,0.000000000,0.050000001,0.000000000
1.242000,0.470376253,0.000000000,0.050000001,0.000000000
1.262000,0.480224878,0.000000000,0.050000001,0.000000000
1.282000,0.490083247,0.000000000,0.050000001,0.000000000
1.302000,0.499950856,0.000000000,0.050000001,0.000000000
1.322000,0.509827077,0.000000000,0.050000001,0.000000000
1.342000,0.519711256,0.000000000,0.050000001,0.000000000
1.362000,0.529602885,0.000000000,0.050000001,0.000000000
1.382000,0.539501548,0.000000000,0.050000001,0.000000000
1.402000,0.549406826,0.000000000,0.050000001,0.000000000
1.422000,0.559318185,0.000000000,0.050000001,0.000000000
1.442000,0.569235325,0.000000000,0.050000001,0.000000000
1.462000,0.579157770,0.000000000,0.050000001,0.000000000
1.482000,0.589085221,0.000000000,0.050000001,0.000000000
1.502000,0.599017382,0.000000000,0.050000001,0.000000000
1.522000,0.608953953,0.000000000,0.050000001,0.000000000
1.542000,0.618894637,0.000000000,0.050000001,0.000000000
1.562000,0.628839135,0.000000000,0.050000001,0.000000000
1.582000,0.638787210,0.000000000,0.050000001,0.000000000
1.602000,0.648738623,0.000000000,0.050000001,0.000000000
1.622000,0.658693194,0.000000000,0.050000001,0.000000000
1.642000,0.668650746,0.000000000,0.050000001,0.000000000
1.662000,0.678611040,0.000000000,0.050000001,0.000000000
1.682000,0.688573897,0.000000000,0.050000001,0.000000000
1.702000,0.698539197,0.000000000,0.050000001,0.000000000
1.722000,0.708506703,0.000000000,0.050000001,0.000000000
1.742000,0.718476295,0.000000000,0.050000001,0.000000000
1.762000,0.728447855,0.000000000,0.050000001,0.000000000
1.782000,0.738421261,0.000000000,0.050000001,0.000000000
1.802000,0.748396397,0.000000000,0.050000001,0.000000000
1.822000,0.758373141,0.000000000,0.050000001,0.000000000
1.842000,0.768351436,0.000000000,0.050000001,0.000000000
1.862000,0.778331101,0.000000000,0.050000001,0.000000000
1.882000,0.788312078,0.000000000,0.050000001,0.000000000
1.902000,0.798294246,0.000000000,0.050000001,0.000000000
1.922000,0.808277607,0.000000000,0.050000001,0.000000000
1.942000,0.818262041,0.000000000,0.050000001,0.000000000
1.962000,0.828247488,0.000000000,0.050000001,0.000000000
1.982000,0.838233888,0.000000000,0.050000001,0.000000000
2.002000,0.848221064,0.000000000,0.050000001,0.000000000
2.022000,0.858209193,0.000000000,0.050000001,0.000000000
2.042000,0.868198037,0.000000000,0.050000001,0.000000000
2.062000,0.878187597,0.000000000,0.050000001,0.000000000
2.082000,0.888177812,0.000000000,0.050000001,0.000000000
2.102000,0.898168683,0.000000000,0.050000001,0.000000000
2.122000,0.908160150,0.000000000,0.050000001,0.000000000
2.142000,0.918152213,0.000000000,0.050000001,0.000000000
2.162000,0.928144753,0.000000000,0.050000001,0.000000000
2.182000,0.938137770,0.000000000,0.050000001,0.000000000
2.202000,0.948131204,0.000000000,0.050000001,0.000000000
2.222000,0.958125114,0.000000000,0.050000001,0.000000000
2.242000,0.968119442,0.000000000,0.050000001,0.000000000
2.262000,0.978114009,0.000000000,0.050000001,0.000000000
2.282000,0.988109112,0.000000000,0.050000001,0.000000000
2.302000,0.998104393,0.000000000,0.050000001,0.000000000
2.322000,1.008100033,0.000000000,0.050000001,0.000000000
2.342000,1.018095732,0.000000000,0.050000001,0.000000000
2.362000,1.028091431,0.000000000,0.050000001,0.000000000
2.382000,1.038088322,0.000000000,0.050000001,0.000000000
2.402000,1.048085213,0.000000000,0.050000001,0.000000000
2.422000,1.058082104,0.000000000,0.050000001,0.000000000
2.442000,1.068078995,0.000000000,0.050000001,0.000000000
2.462000,1.078075886,0.000000000,0.050000001,0.000000000
2.482000,1.088073015,0.000000000,0.050000001,0.000000000
2.502000,1.098071098,0.000000000,0.050000001,0.000000000
2.522000,1.108069181,0.000000000,0.050000001,0.000000000
2.542000,1.118067265,0.000000000,0.050000001,0.000000000
2.562000,1.128065348,0.000000000,0.050000001,0.000000000
2.582000,1.138063431,0.000000000,0.050000001,0.000000000
2.602000,1.148061514,0.000000000,0.050000001,0.000000000
2.622000,1.158059597,0.000000000,0.050000001,0.000000000
2.642000,1.168057680,0.000000000,0.050000001,0.000000000
2.662000,1.178055763,0.000000000,0.050000001,0.000000000
2.682000,1.188054562,0.000000000,0.050000001,0.000000000
2.702000,1.198053837,0.000000000,0.050000001,0.000000000
2.722000,1.208053112,0.000000000,0.050000001,0.000000000
2.742000,1.218052387,0.000000000,0.050000001,0.000000000
2.762000,1.228051662,0.000000000,0.050000001,0.000000000
2.782000,1.238050938,0.000000000,0.050000001,0.000000000
2.802000,1.248050213,0.000000000,0.050000001,0.000000000
2.822000,1.258049488,0.000000000,0.050000001,0.000000000
2.842000,1.268048763,0.000000000,0.050000001,0.000000000
2.862000,1.278048038,0.000000000,0.050000001,0.000000000
2.882000,1.288047314,0.000000000,0.050000001,0.000000000
2.902000,1.298046589,0.000000000,0.050000001,0.000000000
2.922000,1.308045864,0.000000000,0.050000001,0.000000000
2.942000,1.318045139,0.000000000,0.050000001,0.000000000
2.962000,1.328044415,0.000000000,0.050000001,0.000000000
2.982000,1.338043690,0.000000000,0.050000001,0.000000000
3.002000,1.348042965,0.000000000,0.050000001,0.000000000
3.022000,1.358042240,0.000000000,0.050000001,0.000000000
3.042000,1.368041515,0.000000000,0.050000001,0.000000000
3.062000,1.378040791,0.000000000,0.050000001,0.000000000
3.082000,1.388040066,0.000000000,0.050000001,0.000000000
3.102000,1.398039341,0.000000000,0.050000001,0.000000000
3.122000,1.408038616,0.000000000,0.050000001,0.000000000
3.142000,1.418037891,0.000000000,0.050000001,0.000000000
3.162000,1.428037167,0.000000000,0.050000001,0.000000000
3.182000,1.438036442,0.000000000,0.050000001,0.000000000
3.202000,1.448035717,0.000000000,0.050000001,0.000000000
3.222000,1.458034992,0.000000000,0.050000001,0.000000000
3.242000,1.468034267,0.000000000,0.050000001,0.000000000
3.262000,1.478033543,0.000000000,0.050000001,0.000000000
3.282000,1.488032818,0.000000000,0.050000001,0.000000000
3.302000,1.498032093,0.000000000,0.050000001,0.000000000
3.322000,1.508031368,0.000000000,0.050000001,0.000000000
3.342000,1.518030643,0.000000000,0.050000001,0.000000000
3.362000,1.528029919,0.000000000,0.050000001,0.000000000
3.382000,1.538030148,0.000000000,0.050000001,0.000000000
3.402000,1.548030615,0.000000000,0.050000001,0.000000000
3.422000,1.558031082,0.000000000,0.050000001,0.000000000
3.442000,1.568031549,0.000000000,0.050000001,0.000000000
3.462000,1.578032017,0.000000000,0.050000001,0.000000000
3.482000,1.588032484,0.000000000,0.050000001,0.000000000
3.502000,1.598032951,0.000000000,0.050000001,0.000000000
3.522000,1.608033419,0.000000000,0.050000001,0.000000000
3.542000,1.618033886,0.000000000,0.050000001,0.000000000
3.562000,1.628034353,0.000000000,0.050000001,0.000000000
3.582000,1.638034821,0.000000000,0.050000001,0.000000000
3.602000,1.648035288,0.000000000,0.050000001,0.000000000
3.622000,1.658035755,0.000000000,0.050000001,0.000000000
3.642000,1.668036222,0.000000000,0.050000001,0.000000000
3.662000,1.678036690,0.000000000,0.050000001,0.000000000
3.682000,1.688037157,0.000000000,0.050000001,0.000000000
3.702000,1.698037624,0.000000000,0.050000001,0.000000000
3.722000,1.708038092,0.000000000,0.050000001,0.000000000
3.742000,1.718038559,0.000000000,0.050000001,0.000000000
3.762000,1.728039026,0.000000000,0.050000001,0.000000000
3.782000,1.738039494,0.000000000,0.050000001,0.000000000
3.802000,1.748039961,0.000000000,0.050000001,0.000000000
3.822000,1.758040428,0.000000000,0.050000001,0.000000000
3.842000,1.768040895,0.000000000,0.050000001,0.000000000
3.862000,1.778041363,0.000000000,0.050000001,0.000000000
3.882000,1.788041830,0.000000000,0.050000001,0.000000000
3.902000,1.798042297,0.000000000,0.050000001,0.000000000
3.922000,1.808042765,0.000000000,0.050000001,0.000000000
3.942000,1.818043232,0.000000000,0.050000001,0.000000000
3.962000,1.828043699,0.000000000,0.050000001,0.000000000
3.982000,1.838044167,0.000000000,0.050000001,0.000000000
4.002000,1.848044634,0.000000000,0.050000001,0.000000000
4.022000,1.858045101,0.000000000,0.050000001,0.000000000
4.042000,1.868045568,0.000000000,0.050000001,0.000000000
4.062000,1.878046036,0.000000000,0.050000001,0.000000000
4.082000,1.888046503,0.000000000,0.050000001,0.000000000
4.102000,1.898046970,0.000000000,0.050000001,0.000000000
4.122000,1.908047438,0.000000000,0.050000001,0.000000000
4.142000,1.918047905,0.000000000,0.050000001,0.000000000
4.162000,1.928048372,0.000000000,0.050000001,0.000000000
4.182000,1.938048840,0.000000000,0.050000001,0.000000000
4.202000,1.948049307,0.000000000,0.050000001,0.000000000
4.222000,1.958049774,0.000000000,0.050000001,0.000000000
4.242000,1.968050241,0.000000000,0.050000001,0.000000000
4.262000,1.978050709,0.000000000,0.050000001,0.000000000
4.282000,1.988051176,0.000000000,0.050000001,0.000000000
4.302000,1.998051643,0.000000000,0.050000001,0.000000000
4.322000,2.008051157,0.000000000,0.050000001,0.000000000
4.342000,2.018050432,0.000000000,0.050000001,0.000000000
4.362000,2.028049707,0.000000000,0.050000001,0.000000000
4.382000,2.038048983,0.000000000,0.050000001,0.000000000
4.402000,2.048048258,0.000000000,0.050000001,0.000000000
4.422000,2.058047533,0.000000000,0.050000001,0.000000000
4.442000,2.068046808,0.000000000,0.050000001,0.000000000
4.462000,2.078046083,0.000000000,0.050000001,0.000000000
4.482000,2.088045359,0.000000000,0.050000001,0.000000000
4.502000,2.098044634,0.000000000,0.050000001,0.000000000
4.522000,2.108043909,0.000000000,0.050000001,0.000000000
4.542000,2.118043184,0.000000000,0.050000001,0.000000000
4.562000,2.128042459,0.000000000,0.050000001,0.000000000
4.582000,2.138041735,0.000000000,0.050000001,0.000000000
4.602000,2.148041010,0.000000000,0.050000001,0.000000000
4.622000,2.158040285,0.000000000,0.050000001,0.000000000
4.642000,2.168039560,0.000000000,0.050000001,0.000000000
4.662000,2.178038836,0.000000000,0.050000001,0.000000000
4.682000,2.188038111,0.000000000,0.050000001,0.000000000
4.702000,2.198037386,0.000000000,0.050000001,0.000000000
4.722000,2.208036661,0.000000000,0.050000001,0.000000000
4.742000,2.218035936,0.000000000,0.050000001,0.000000000
4.762000,2.228035212,0.000000000,0.050000001,0.000000000
4.782000,2.238034487,0.000000000,0.050000001,0.000000000
4.802000,2.248033762,0.000000000,0.050000001,0.000000000
4.822000,2.258033037,0.000000000,0.050000001,0.000000000
4.842000,2.268032312,0.000000000,0.050000001,0.000000000
4.862000,2.278031588,0.000000000,0.050000001,0.000000000
4.882000,2.288030863,0.000000000,0.050000001,0.000000000
4.902000,2.298030138,0.000000000,0.050000001,0.000000000
4.922000,2.308029413,0.000000000,0.050000001,0.000000000
4.942000,2.318028688,0.000000000,0.050000001,0.000000000
4.962000,2.328027964,0.000000000,0.050000001,0.000000000
4.982000,2.338027239,0.000000000,0.050000001,0.000000000
5.002000,2.348026514,0.000000000,0.050000001,0.000000000
5.022000,2.358025789,0.000000000,0.050000001,0.000000000
5.042000,2.368025064,0.000000000,0.050000001,0.000000000
5.062000,2.378024340,0.000000000,0.050000001,0.000000000
5.082000,2.388023615,0.000000000,0.050000001,0.000000000
5.102000,2.398022890,0.000000000,0.050000001,0.000000000
5.122000,2.408022165,0.000000000,0.050000001,0.000000000
5.142000,2.418021441,0.000000000,0.050000001,0.000000000
5.162000,2.428020716,0.000000000,0.050000001,0.000000000
5.182000,2.438019991,0.000000000,0.050000001,0.000000000
5.202000,2.448019266,0.000000000,0.050000001,0.000000000
5.222000,2.458018541,0.000000000,0.050000001,0.000000000
5.242000,2.468017817,0.000000000,0.050000001,0.000000000
5.262000,2.478017092,0.000000000,0.050000001,0.000000000
5.282000,2.488016367,0.000000000,0.050000001,0.000000000
5.302000,2.498015642,0.000000000,0.050000001,0.000000000
5.322000,2.508014917,0.000000000,0.050000001,0.000000000
5.342000,2.518014193,0.000000000,0.050000001,0.000000000
5.362000,2.528013468,0.000000000,0.050000001,0.000000000
5.382000,2.538012743,0.000000000,0.050000001,0.000000000
5.402000,2.548012018,0.000000000,0.050000001,0.000000000
5.422000,2.558011293,0.000000000,0.050000001,0.000000000
5.442000,2.568010569,0.000000000,0.050000001,0.000000000
5.462000,2.578009844,0.000000000,0.050000001,0.000000000
5.482000,2.588009119,0.000000000,0.050000001,0.000000000
5.502000,2.598008394,0.000000000,0.050000001,0.000000000
5.522000,2.608007669,0.000000000,0.050000001,0.000000000
5.542000,2.618006945,0.000000000,0.050000001,0.000000000
5.562000,2.628006220,0.000000000,0.050000001,0.000000000
5.582000,2.638005495,0.000000000,0.050000001,0.000000000
5.602000,2.648004770,0.000000000,0.050000001,0.000000000
5.622000,2.658004045,0.000000000,0.050000001,0.000000000
5.642000,2.668003321,0.000000000,0.050000001,0.000000000
5.662000,2.678002596,0.000000000,0.050000001,0.000000000
5.682000,2.688001871,0.000000000,0.050000001,0.000000000
5.702000,2.698001146,0.000000000,0.050000001,0.000000000
5.722000,2.708000422,0.000000000,0.050000001,0.000000000
5.742000,2.717999697,0.000000000,0.050000001,0.000000000
5.762000,2.727998972,0.000000000,0.050000001,0.000000000
5.782000,2.737998247,0.000000000,0.050000001,0.000000000
5.802000,2.747997522,0.000000000,0.050000001,0.000000000
5.822000,2.757996798,0.000000000,0.050000001,0.000000000
5.842000,2.767996073,0.000000000,0.050000001,0.000000000
5.862000,2.777995348,0.000000000,0.050000001,0.000000000
5.882000,2.787994623,0.000000000,0.050000001,0.000000000
5.902000,2.797993898,0.000000000,0.050000001,0.000000000
5.922000,2.807993174,0.000000000,0.050000001,0.000000000
5.942000,2.817992449,0.000000000,0.050000001,0.000000000
5.962000,2.827991724,0.000000000,0.050000001,0.000000000
5.982000,2.837990999,0.000000000,0.050000001,0.000000000
6.002000,2.847990274,0.000000000,0.050000001,0.000000000
