time_s,x_m,y_m,z_m
0.000000,-0.003963500,0.000000000,1.034000039
0.002000,-0.003963500,0.000000000,1.034000039
0.022000,-0.003979340,0.000008641,1.032012701
0.042000,-0.003951371,0.000015828,1.026909351
0.062000,-0.004230361,0.000036947,1.023960829
0.082000,-0.003912309,0.000061572,1.023891568
0.102000,-0.002542918,0.000068716,1.025969028
0.122000,-0.000293861,0.000073221,1.028330922
0.142000,0.002307189,0.000084679,1.029437184
0.162000,0.004806208,0.000094021,1.028870583
0.182000,0.007181348,0.000095562,1.027428031
0.202000,0.009819928,0.000082711,1.026198268
0.222000,0.013042886,0.000046199,1.025664926
0.242000,0.016926244,-0.000016854,1.025582194
0.262000,0.021361955,-0.000116525,1.025418997
0.282000,0.026208268,-0.000261143,1.024776459
0.302000,0.031400573,-0.000444159,1.023620367
0.322000,0.037016600,-0.000656938,1.022205114
0.342000,0.043204848,-0.000915455,1.020809174
0.362000,0.050068870,-0.001227119,1.019522786
0.382000,0.057658218,-0.001561361,1.018406630
0.402000,0.065991826,-0.001937398,1.017689109
0.422000,0.074954465,-0.002329180,1.017062068
0.442000,0.084329814,-0.002725794,1.016307473
0.462000,0.093934223,-0.003137097,1.015330791
0.482000,0.103643954,-0.003575747,1.014097691
0.502000,0.113348857,-0.004005880,1.012903214
0.522000,0.122976303,-0.004464365,1.012390375
0.542000,0.132532507,-0.004989722,1.013091922
0.562000,0.142057449,-0.005620143,1.015024543
0.582000,0.151609465,-0.006406104,1.017642617
0.602000,0.161223650,-0.007354741,1.019773602
0.622000,0.170914501,-0.008252893,1.020047069
0.642000,0.180747315,-0.008857150,1.018281937
0.662000,0.190669283,-0.009010920,1.015221357
0.682000,0.200627804,-0.008582324,1.011544943
0.702000,0.210596308,-0.007580053,1.007809997
0.722000,0.220550090,-0.005852157,1.004168749
0.742000,0.230160564,-0.004049913,1.002320290
0.762000,0.239547834,-0.002694975,1.004395247
0.782000,0.248873606,-0.001722858,1.009711504
0.802000,0.258271188,-0.000829203,1.015662551
0.822000,0.267715424,-0.000038475,1.020197749
0.842000,0.277159214,0.000471119,1.023056030
0.862000,0.286557525,0.000571945,1.024731159
0.882000,0.295907289,0.000258106,1.025648475
0.902000,0.305218518,-0.000421646,1.026046157
0.922000,0.314480484,-0.001426642,1.025943637
0.942000,0.323657721,-0.002733562,1.025196910
0.962000,0.332739800,-0.004298660,1.023731947
0.982000,0.341810256,-0.006039540,1.021574140
1.002000,0.350977629,-0.007918210,1.018631339
1.022000,0.360233605,-0.010142798,1.014417171
1.042000,0.369366586,-0.012621908,1.009228587
1.062000,0.378225982,-0.014713689,1.006426692
1.082000,0.387031943,-0.016918015,1.006410718
1.102000,0.395916492,-0.019406660,1.008355260
1.122000,0.404931635,-0.022042574,1.011312962
1.142000,0.414088577,-0.024560388,1.014483452
1.162000,0.423375309,-0.026822265,1.017024875
1.182000,0.432802200,-0.028702311,1.018619061
1.202000,0.442420185,-0.030187011,1.019564748
1.222000,0.452266335,-0.031276736,1.020161271
1.242000,0.462324947,-0.031952243,1.020627260
1.262000,0.472571731,-0.032223620,1.021088243
1.282000,0.482972443,-0.032114878,1.021541595
1.302000,0.493486792,-0.031649183,1.021897912
1.322000,0.504087210,-0.030860931,1.022051811
1.342000,0.514757514,-0.029791063,1.021921992
1.362000,0.525499105,-0.028474597,1.021451712
1.382000,0.536364079,-0.026944431,1.020564198
1.402000,0.547390521,-0.025212592,1.019025326
1.422000,0.558518350,-0.023094067,1.016128182
1.442000,0.569421172,-0.021007359,1.012932062
1.462000,0.579934061,-0.019296199,1.011762023
1.482000,0.590167224,-0.017472802,1.012347341
1.502000,0.600217223,-0.015372565,1.014031410
1.522000,0.610176384,-0.013156164,1.016062498
1.542000,0.620126128,-0.011218374,1.018115759
1.562000,0.630143821,-0.009706551,1.019668698
1.582000,0.640252650,-0.008665197,1.020611286
1.602000,0.650465906,-0.008054391,1.021152139
1.622000,0.660782516,-0.007868605,1.021506310
1.642000,0.671191871,-0.008097452,1.021806121
1.662000,0.681675792,-0.008716586,1.022063613
1.682000,0.692209244,-0.009696159,1.022194266
1.702000,0.702772439,-0.010981671,1.022079945
1.722000,0.713364661,-0.012515881,1.021631002
1.742000,0.724016845,-0.014245214,1.020752788
1.762000,0.734774649,-0.016133083,1.019221663
1.782000,0.745634019,-0.018317254,1.016417503
1.802000,0.756281793,-0.020688580,1.012604713
1.822000,0.766369104,-0.022669660,1.010885835
1.842000,0.776142538,-0.024733506,1.011245966
1.862000,0.785774291,-0.027035013,1.012886763
1.882000,0.795371115,-0.029393541,1.015027046
1.902000,0.805023015,-0.031475812,1.017274141
1.922000,0.814786136,-0.033139061,1.019025326
1.942000,0.824680924,-0.034332573,1.020205975
1.962000,0.834735274,-0.035092793,1.020990491
1.982000,0.844952047,-0.035441276,1.021521568
2.002000,0.855305552,-0.035399254,1.021878242
2.022000,0.865771115,-0.034991886,1.022083998
2.042000,0.876312852,-0.034241579,1.022123814
2.062000,0.886901319,-0.033179242,1.021956086
2.082000,0.897522151,-0.031861674,1.021530390
2.102000,0.908179879,-0.030341947,1.020775914
2.122000,0.918911695,-0.028664725,1.019605041
2.142000,0.929766476,-0.026850676,1.017762899
2.162000,0.940677881,-0.024715574,1.014539361
2.182000,0.951282978,-0.022545364,1.011172175
2.202000,0.961447775,-0.020551099,1.010318398
2.222000,0.971384227,-0.018256295,1.011610389
2.242000,0.981221855,-0.015644545,1.013965845
2.262000,0.991044879,-0.012975436,1.016481161
2.282000,1.000922561,-0.010608388,1.018703103
2.302000,1.010893583,-0.008651431,1.020159125
2.322000,1.020978689,-0.007105525,1.020990491
2.342000,1.031197667,-0.005946681,1.021460414
2.362000,1.041543245,-0.005161906,1.021760583
2.382000,1.051994562,-0.004733914,1.022003293
2.402000,1.062530875,-0.004639271,1.022188902
2.422000,1.073121905,-0.004849688,1.022229433
2.442000,1.083748937,-0.005323296,1.022016406
2.462000,1.094408393,-0.006009556,1.021473646
2.482000,1.105130076,-0.006864523,1.020526052
2.502000,1.115962863,-0.007859624,1.018973112
2.522000,1.126895905,-0.009120301,1.016251087
2.542000,1.137664795,-0.010644262,1.012337089
2.562000,1.147902608,-0.011805934,1.010457754
2.582000,1.157861233,-0.013152826,1.010916591
2.602000,1.167707920,-0.014834325,1.012833238
2.622000,1.177533865,-0.016674595,1.015208364
2.642000,1.187388539,-0.018302366,1.017543435
2.662000,1.197314024,-0.019552382,1.019293785
2.682000,1.207328796,-0.020358190,1.020335317
2.702000,1.217461109,-0.020749478,1.020917535
2.722000,1.227723956,-0.020748997,1.021256447
2.742000,1.238092899,-0.020360654,1.021505356
2.762000,1.248546481,-0.019604782,1.021729946
2.782000,1.259056330,-0.018508390,1.021891236
2.802000,1.269602299,-0.017111018,1.021876097
2.822000,1.280172706,-0.015468673,1.021589756
2.842000,1.290775418,-0.013629636,1.020955682
2.862000,1.301458836,-0.011634795,1.019870043
2.882000,1.312261105,-0.009479130,1.018012762
2.902000,1.323079824,-0.006943879,1.014600635
2.922000,1.333487988,-0.004639086,1.011534452
2.942000,1.343451142,-0.002517553,1.010736585
2.962000,1.353189230,-0.000135516,1.011815310
2.982000,1.362831593,0.002488496,1.013837457
3.002000,1.372465372,0.005029639,1.016229272
3.022000,1.382177234,0.007249906,1.018355846
3.042000,1.391993999,0.009038978,1.019771218
3.062000,1.401929379,0.010400354,1.020627260
3.082000,1.412004828,0.011366166,1.021154165
3.102000,1.422212481,0.011948393,1.021506548
3.122000,1.432532191,0.012159446,1.021786094
3.142000,1.442943692,0.012020353,1.021999240
3.162000,1.453419566,0.011562010,1.022059798
3.182000,1.463941574,0.010835177,1.021867394
3.202000,1.474508643,0.009894356,1.021336198
3.222000,1.485155463,0.008787164,1.020378470
3.242000,1.495926261,0.007538530,1.018753290
3.262000,1.506797552,0.005980492,1.015803456
3.282000,1.517432332,0.004328374,1.012130380
3.302000,1.527574658,0.002990871,1.010629773
3.322000,1.537465811,0.001432452,1.011269093
3.342000,1.547248125,-0.000430559,1.013151646
3.362000,1.557018161,-0.002368666,1.015434861
3.382000,1.566836119,-0.004028173,1.017715454
3.402000,1.576743007,-0.005286610,1.019420743
3.422000,1.586754680,-0.006096204,1.020506263
3.442000,1.596894741,-0.006491058,1.021186352
3.462000,1.607166052,-0.006492798,1.021628141
3.482000,1.617542744,-0.006120183,1.021918893
3.502000,1.627996325,-0.005390303,1.022098541
3.522000,1.638491511,-0.004322573,1.022159100
3.542000,1.649010539,-0.002958270,1.022017956
3.562000,1.659543037,-0.001354851,1.021596670
3.582000,1.670100331,0.000437244,1.020820737
3.602000,1.680732369,0.002376473,1.019579887
3.622000,1.691471934,0.004474915,1.017534256
3.642000,1.702197433,0.006960797,1.013880610
3.662000,1.712445140,0.009195727,1.010846496
3.682000,1.722253919,0.011344220,1.010339379
3.702000,1.731866956,0.013794534,1.011801720
3.722000,1.741398215,0.016493540,1.014160633
3.742000,1.750923991,0.019158382,1.016648173
3.762000,1.760521650,0.021494506,1.018737555
3.782000,1.770234108,0.023418142,1.020069003
3.802000,1.780075908,0.024928974,1.020827889
3.822000,1.790062428,0.026054354,1.021256685
3.842000,1.800185084,0.026800979,1.021535873
3.862000,1.810423613,0.027185250,1.021771193
3.882000,1.820758104,0.027230788,1.021957994
3.902000,1.831159592,0.026968202,1.022008181
3.922000,1.841610074,0.026443079,1.021819472
3.942000,1.852107286,0.025706619,1.021312118
3.962000,1.862683654,0.024803665,1.020404220
3.982000,1.873386025,0.023763452,1.018884420
4.002000,1.884207606,0.022448728,1.016161442
4.022000,1.894858003,0.020953657,1.012459397
4.042000,1.905007958,0.019815423,1.010803938
4.062000,1.914894462,0.018496448,1.011314154
4.082000,1.924666524,0.016858462,1.013145447
4.102000,1.934421420,0.015089452,1.015386820
4.122000,1.944214463,0.013566711,1.017623305
4.142000,1.954092145,0.012436428,1.019307494
4.162000,1.964072108,0.011756740,1.020343900
4.182000,1.974179149,0.011494676,1.020959616
4.202000,1.984420300,0.011628336,1.021342874
4.222000,1.994769931,0.012143743,1.021603823
4.242000,2.005201101,0.013026070,1.021800637
4.262000,2.015683413,0.014250745,1.021909237
4.282000,2.026198864,0.015775336,1.021825910
4.302000,2.036734819,0.017541993,1.021463752
4.322000,2.047301292,0.019500598,1.020743489
4.342000,2.057948112,0.021609548,1.019549012
4.362000,2.068706036,0.023886662,1.017517447
4.382000,2.079437733,0.026545404,1.013877749
4.402000,2.089689732,0.028906405,1.011048436
4.422000,2.099512100,0.031189812,1.010623097
4.442000,2.109142780,0.033750262,1.012007356
4.462000,2.118700504,0.036515862,1.014200211
4.482000,2.128263235,0.039141499,1.016639113
4.502000,2.137896538,0.041416407,1.018636942
4.522000,2.147629023,0.043254543,1.019890189
4.542000,2.157495499,0.044682968,1.020628452
4.562000,2.167513609,0.045727551,1.021080256
4.582000,2.177673101,0.046400838,1.021389008
4.602000,2.187957287,0.046718460,1.021635413
4.622000,2.198343754,0.046702117,1.021806240
4.642000,2.208805799,0.046386007,1.021808028
4.662000,2.219327450,0.045820285,1.021547914
4.682000,2.229911089,0.045056783,1.020944476
4.702000,2.240597248,0.044140659,1.019902587
4.722000,2.251424551,0.043079209,1.018138289
4.742000,2.262343645,0.041667528,1.014927626
4.762000,2.272944689,0.040356334,1.011609197
4.782000,2.283095121,0.039237972,1.010583401
4.802000,2.293041945,0.037823543,1.011563063
4.822000,2.302908659,0.036120906,1.013595462
4.842000,2.312777758,0.034405041,1.015917659
4.862000,2.322707653,0.032998670,1.018090367
4.882000,2.332716465,0.032025725,1.019584537
4.902000,2.342823505,0.031489756,1.020498395
4.922000,2.353058338,0.031360552,1.021068692
4.942000,2.363414764,0.031618197,1.021443605
4.962000,2.373865128,0.032245640,1.021711707
4.982000,2.384379148,0.033226624,1.021904230
5.002000,2.394930840,0.034533128,1.021963239
5.022000,2.405503511,0.036115266,1.021784067
5.042000,2.416090012,0.037917480,1.021288276
5.062000,2.426712513,0.039892703,1.020400167
5.082000,2.437427521,0.042005956,1.018942714
5.102000,2.448226929,0.044351045,1.016393065
5.122000,2.458862305,0.046991758,1.012473345
5.142000,2.468952894,0.049223140,1.010437727
5.162000,2.478700876,0.051571090,1.010786533
5.182000,2.488301516,0.054221343,1.012659311
5.202000,2.497856855,0.057017237,1.015066862
5.222000,2.507437706,0.059589341,1.017495155
5.242000,2.517105341,0.061791711,1.019330621
5.262000,2.526888132,0.063559398,1.020440102
5.282000,2.536813021,0.064923786,1.021069169
5.302000,2.546889067,0.065908581,1.021433949
5.322000,2.557099819,0.066520154,1.021685839
5.342000,2.567427635,0.066778265,1.021891117
5.362000,2.577848196,0.066707581,1.022012591
5.382000,2.588335514,0.066345900,1.021947145
5.402000,2.598875999,0.065745562,1.021609068
5.422000,2.609479427,0.064956285,1.020919085
5.442000,2.620192528,0.064021736,1.019763827
5.462000,2.631045818,0.062926002,1.017797709
5.482000,2.641957998,0.061433025,1.014242291
5.502000,2.652421951,0.060166776,1.011157274
5.522000,2.662447453,0.059023172,1.010452986
5.542000,2.672299862,0.057584945,1.011675477
5.562000,2.682086468,0.055898212,1.013836145
5.582000,2.691883087,0.054228995,1.016171813
5.602000,2.701740265,0.052887760,1.018239021
5.622000,2.711678982,0.051989332,1.019600272
5.642000,2.721720695,0.051527802,1.020409465
5.662000,2.731895685,0.051474165,1.020900726
5.682000,2.742196321,0.051811121,1.021216512
5.702000,2.752592564,0.052526012,1.021453142
5.722000,2.763056278,0.053600408,1.021638989
5.742000,2.773564816,0.055003576,1.021705151
5.762000,2.784101248,0.056682561,1.021545887
5.782000,2.794659615,0.058582336,1.021080852
5.802000,2.805263758,0.060656317,1.020229578
5.822000,2.815969944,0.062869981,1.018807530
5.842000,2.826768875,0.065325566,1.016270041
5.862000,2.837402344,0.068009153,1.012511730
5.882000,2.847525120,0.070277937,1.010676622
5.902000,2.857316971,0.072674215,1.011084557
5.922000,2.866953611,0.075369753,1.012892485
5.942000,2.876548290,0.078173630,1.015217304
5.962000,2.886182308,0.080721840,1.017589808
5.982000,2.895913601,0.082889624,1.019376516
6.002000,2.905765533,0.084621094,1.020481706
